<?xml version="1.0" encoding="UTF-8"?>
<project-private xmlns="http://www.netbeans.org/ns/project-private/1">
    <editor-bookmarks xmlns="http://www.netbeans.org/ns/editor-bookmarks/2" lastBookmarkId="0"/>
    <open-files xmlns="http://www.netbeans.org/ns/projectui-open-files/2">
        <group>
            <file>file:/D:/java/java2/lab1/university/src/university/DAO.java</file>
            <file>file:/D:/java/java2/lab1/university/src/university/Adding_student_phoneController.java</file>
            <file>file:/D:/java/java2/lab1/university/src/university/ReportController.java</file>
        </group>
    </open-files>
</project-private>
